<?xml version="1.0" encoding="UTF-8"?>
<beans xmlns="http://www.springframework.org/schema/beans"
  xmlns:xsi="http://www.w3.org/2001/XMLSchema-instance"
  xmlns:beans="http://www.springframework.org/schema/beans"
  xmlns:context="http://www.springframework.org/schema/context" 
  xsi:schemaLocation="
    http://www.springframework.org/schema/beans 
    http://www.springframework.org/schema/beans/spring-beans.xsd 
    http://www.springframework.org/schema/context 
    http://www.springframework.org/schema/context/spring-context.xsd">

  
  
  
  
  <!-- register controller in servlet private context -->
  <bean id="viewFactoryCreator" class="org.springframework.webflow.mvc.builder.MVCViewFactoryCreator">
  <property name="viewResolvers"><list><ref bean="viewResolver"/></list></property>
  </bean>
  <bean id="viewResolver" class="org.springframework.web.servlet.view.InternalResourceViewResolver">
  <context:component-scan base-package="com.Shoppingcart.controller"/>  
   
  <property name="prefix">
  <value>/WEB-INF/Views/</value>
  </property>
  <property name="suffix"><value>.jsp</value></property></bean>
</beans>